,danceability,energy,key,loudness,mode,speechiness,acousticness,instrumentalness,liveness,valence,tempo,type,id,uri,track_href,analysis_url,duration_ms,time_signature,title,release_date,total_words,unique_words
0,0.384,0.969,5,-3.903,1,0.0985,0.00236,0.0,0.277,0.374,103.858,audio_features,5fWwfsMUyLeApOAdIieGiX,spotify:track:5fWwfsMUyLeApOAdIieGiX,https://api.spotify.com/v1/tracks/5fWwfsMUyLeApOAdIieGiX,https://api.spotify.com/v1/audio-analysis/5fWwfsMUyLeApOAdIieGiX,205867,4,Honorable Mention,2003-03-25,201,74
1,0.338,0.919,9,-5.538,1,0.316,0.00391,0.000251,0.307,0.464,173.643,audio_features,4kTbEgPxqeBz1wVeXcyKJy,spotify:track:4kTbEgPxqeBz1wVeXcyKJy,https://api.spotify.com/v1/tracks/4kTbEgPxqeBz1wVeXcyKJy,https://api.spotify.com/v1/audio-analysis/4kTbEgPxqeBz1wVeXcyKJy,283573,4,Calm Before the Storm,2003-03-25,289,141
2,0.374,0.99,11,-4.092,1,0.38,0.00673,3.45e-06,0.25,0.336,135.163,audio_features,1gVJSRoWcnlDFQ472PSUaS,spotify:track:1gVJSRoWcnlDFQ472PSUaS,https://api.spotify.com/v1/tracks/1gVJSRoWcnlDFQ472PSUaS,https://api.spotify.com/v1/audio-analysis/1gVJSRoWcnlDFQ472PSUaS,194573,4,Switchblades and Infidelity,2003-03-25,165,45
3,0.43,0.963,9,-4.803,1,0.161,0.00347,0.0,0.298,0.268,125.773,audio_features,1ZcR4oKoZn7HHzpNsT40Nc,spotify:track:1ZcR4oKoZn7HHzpNsT40Nc,https://api.spotify.com/v1/tracks/1ZcR4oKoZn7HHzpNsT40Nc,https://api.spotify.com/v1/audio-analysis/1ZcR4oKoZn7HHzpNsT40Nc,217253,4,Pretty In Punk,2003-03-25,249,85
4,0.291,0.971,0,-4.066,1,0.301,0.00926,0.0,0.287,0.408,149.928,audio_features,1SWB4y4XIjmesBR5Nn2qBJ,spotify:track:1SWB4y4XIjmesBR5Nn2qBJ,https://api.spotify.com/v1/tracks/1SWB4y4XIjmesBR5Nn2qBJ,https://api.spotify.com/v1/audio-analysis/1SWB4y4XIjmesBR5Nn2qBJ,168973,3,Growing Up,2003-03-25,174,94
5,0.454,0.977,9,-5.05,1,0.135,0.00236,7.89e-05,0.418,0.115,114.522,audio_features,2NihKZ4b0f6p23pzG2HHgr,spotify:track:2NihKZ4b0f6p23pzG2HHgr,https://api.spotify.com/v1/tracks/2NihKZ4b0f6p23pzG2HHgr,https://api.spotify.com/v1/audio-analysis/2NihKZ4b0f6p23pzG2HHgr,159733,4,The World’s Not Waiting (For Five Tired Boys In A Broken Down Van),2003-03-25,113,79
6,0.298,0.98,0,-3.823,1,0.227,0.00109,0.0,0.224,0.356,135.006,audio_features,6iB11qUpXXTA8soT5ZEBLJ,spotify:track:6iB11qUpXXTA8soT5ZEBLJ,https://api.spotify.com/v1/tracks/6iB11qUpXXTA8soT5ZEBLJ,https://api.spotify.com/v1/audio-analysis/6iB11qUpXXTA8soT5ZEBLJ,136840,4,"Short, Fast, And Loud",2003-03-25,81,60
7,0.321,0.987,11,-4.426,1,0.333,0.00763,0.0,0.343,0.266,137.218,audio_features,3kh2oNtwHkxOJ4u7wWYVO6,spotify:track:3kh2oNtwHkxOJ4u7wWYVO6,https://api.spotify.com/v1/tracks/3kh2oNtwHkxOJ4u7wWYVO6,https://api.spotify.com/v1/audio-analysis/3kh2oNtwHkxOJ4u7wWYVO6,211760,4,Moving Pictures,2003-03-25,162,105
8,0.459,0.98,7,-5.051,1,0.132,0.00258,7.04e-05,0.236,0.476,117.869,audio_features,2Mzu87sqP3JKX9RzcKZv5x,spotify:track:2Mzu87sqP3JKX9RzcKZv5x,https://api.spotify.com/v1/tracks/2Mzu87sqP3JKX9RzcKZv5x,https://api.spotify.com/v1/audio-analysis/2Mzu87sqP3JKX9RzcKZv5x,203253,4,Parker Lewis Can't Lose (But I'm Gonna Give It My Best Shot),2003-03-25,192,109
9,0.444,0.963,1,-3.565,0,0.108,0.000617,0.0,0.202,0.418,197.073,audio_features,6mCjOSXkABONouTVa6PQOy,spotify:track:6mCjOSXkABONouTVa6PQOy,https://api.spotify.com/v1/tracks/6mCjOSXkABONouTVa6PQOy,https://api.spotify.com/v1/audio-analysis/6mCjOSXkABONouTVa6PQOy,210427,4,Tell That Mick He Just Made My List of Things to Do Today,2003-05-06,230,119
10,0.543,0.968,0,-4.028,1,0.0702,0.0002,0.0,0.539,0.494,100.982,audio_features,7naGWci9bflvfdzxphFjAw,spotify:track:7naGWci9bflvfdzxphFjAw,https://api.spotify.com/v1/tracks/7naGWci9bflvfdzxphFjAw,https://api.spotify.com/v1/audio-analysis/7naGWci9bflvfdzxphFjAw,194493,4,Dead on Arrival,2003-05-06,223,70
11,0.628,0.886,2,-3.805,1,0.0608,0.000706,0.0,0.275,0.72,135.45,audio_features,3JOdLCIBzQYwHIvpN3isVf,spotify:track:3JOdLCIBzQYwHIvpN3isVf,https://api.spotify.com/v1/tracks/3JOdLCIBzQYwHIvpN3isVf,https://api.spotify.com/v1/audio-analysis/3JOdLCIBzQYwHIvpN3isVf,191373,4,Grand Theft Autumn / Where Is Your Boy,2003-05-06,278,94
12,0.48,0.929,11,-3.931,1,0.0826,0.00163,0.0,0.341,0.624,98.045,audio_features,423FiDerFgzeEcqKEOmZ81,spotify:track:423FiDerFgzeEcqKEOmZ81,https://api.spotify.com/v1/tracks/423FiDerFgzeEcqKEOmZ81,https://api.spotify.com/v1/audio-analysis/423FiDerFgzeEcqKEOmZ81,216700,4,Saturday,2003-05-06,227,97
13,0.606,0.899,9,-4.299,1,0.0524,0.00264,0.0,0.584,0.379,104.663,audio_features,5sIweazpg4JYBjyxABUx9y,spotify:track:5sIweazpg4JYBjyxABUx9y,https://api.spotify.com/v1/tracks/5sIweazpg4JYBjyxABUx9y,https://api.spotify.com/v1/audio-analysis/5sIweazpg4JYBjyxABUx9y,188514,4,Homesick at Space Camp,2003-05-06,241,89
14,0.604,0.966,1,-3.958,0,0.0625,0.000152,4.95e-05,0.285,0.597,106.037,audio_features,6myPy86FHUBJsFi7RAWp5Y,spotify:track:6myPy86FHUBJsFi7RAWp5Y,https://api.spotify.com/v1/tracks/6myPy86FHUBJsFi7RAWp5Y,https://api.spotify.com/v1/audio-analysis/6myPy86FHUBJsFi7RAWp5Y,176786,4,Sending Postcards From a Plane Crash (Wish You Were Here),2003-05-06,233,97
15,0.63,0.946,0,-4.22,1,0.106,0.000383,0.0,0.404,0.539,113.839,audio_features,3P8zrkBArAfdjFJxPtZRUO,spotify:track:3P8zrkBArAfdjFJxPtZRUO,https://api.spotify.com/v1/tracks/3P8zrkBArAfdjFJxPtZRUO,https://api.spotify.com/v1/audio-analysis/3P8zrkBArAfdjFJxPtZRUO,199840,4,Chicago Is So Two Years Ago,2003-05-06,321,131
16,0.498,0.958,8,-3.454,0,0.103,4.59e-05,0.0,0.0841,0.753,87.269,audio_features,3koOoLN69AAiw5JCQNaZMe,spotify:track:3koOoLN69AAiw5JCQNaZMe,https://api.spotify.com/v1/tracks/3koOoLN69AAiw5JCQNaZMe,https://api.spotify.com/v1/audio-analysis/3koOoLN69AAiw5JCQNaZMe,201506,4,The Pros and Cons of Breathing,2003-05-06,318,101
17,0.464,0.967,2,-3.501,1,0.136,0.000142,2.17e-05,0.269,0.669,174.92,audio_features,3jsNPTt6LUyB2srOcZaq47,spotify:track:3jsNPTt6LUyB2srOcZaq47,https://api.spotify.com/v1/tracks/3jsNPTt6LUyB2srOcZaq47,https://api.spotify.com/v1/audio-analysis/3jsNPTt6LUyB2srOcZaq47,178600,4,Grenade Jumper,2003-05-06,307,104
18,0.597,0.918,9,-5.192,1,0.109,0.000556,1.85e-06,0.346,0.501,92.443,audio_features,0dqREqnSQyV4mBwfPdFbLk,spotify:track:0dqREqnSQyV4mBwfPdFbLk,https://api.spotify.com/v1/tracks/0dqREqnSQyV4mBwfPdFbLk,https://api.spotify.com/v1/audio-analysis/0dqREqnSQyV4mBwfPdFbLk,267387,4,Calm Before the Storm,2003-05-06,289,141
19,0.603,0.941,11,-4.191,1,0.0775,0.000213,0.0,0.545,0.689,105.399,audio_features,4tj6uekOEtNOqJJ8BpBP74,spotify:track:4tj6uekOEtNOqJJ8BpBP74,https://api.spotify.com/v1/tracks/4tj6uekOEtNOqJJ8BpBP74,https://api.spotify.com/v1/audio-analysis/4tj6uekOEtNOqJJ8BpBP74,141337,4,Reinventing the Wheel to Run Myself Over,2003-05-06,186,75
20,0.509,0.978,2,-4.017,1,0.147,5.69e-05,5.14e-06,0.0872,0.201,102.866,audio_features,0aHWzIvtnkG3FVcBoFQ6BG,spotify:track:0aHWzIvtnkG3FVcBoFQ6BG,https://api.spotify.com/v1/tracks/0aHWzIvtnkG3FVcBoFQ6BG,https://api.spotify.com/v1/audio-analysis/0aHWzIvtnkG3FVcBoFQ6BG,199916,4,The Patron Saint of Liars and Fakes,2003-05-06,224,75
21,0.444,0.939,5,-3.824,1,0.104,0.000645,7.72e-06,0.376,0.575,154.286,audio_features,73A0DxzMGDhVGsvHQSaaBq,spotify:track:73A0DxzMGDhVGsvHQSaaBq,https://api.spotify.com/v1/tracks/73A0DxzMGDhVGsvHQSaaBq,https://api.spotify.com/v1/audio-analysis/73A0DxzMGDhVGsvHQSaaBq,188547,4,Our Lawyer Made Us Change The Name Of This Song So We Wouldn't Get Sued,2005-05-03,215,88
22,0.42,0.93,0,-3.416,1,0.0571,0.0047,0.0,0.0719,0.709,172.124,audio_features,4304kbwhzhb8A3n6wl27Kg,spotify:track:4304kbwhzhb8A3n6wl27Kg,https://api.spotify.com/v1/tracks/4304kbwhzhb8A3n6wl27Kg,https://api.spotify.com/v1/audio-analysis/4304kbwhzhb8A3n6wl27Kg,191160,4,Of All The Gin Joints In All The World,2005-05-03,247,85
23,0.622,0.961,11,-3.198,0,0.154,0.00523,0.0,0.0854,0.449,114.452,audio_features,0a7BloCiNzLDD9qSQHh5m7,spotify:track:0a7BloCiNzLDD9qSQHh5m7,https://api.spotify.com/v1/tracks/0a7BloCiNzLDD9qSQHh5m7,https://api.spotify.com/v1/audio-analysis/0a7BloCiNzLDD9qSQHh5m7,180267,4,"Dance, Dance",2005-05-03,312,131
24,0.494,0.842,7,-4.784,1,0.0843,0.00579,0.0,0.122,0.574,162.011,audio_features,2TfSHkHiFO4gRztVIkggkE,spotify:track:2TfSHkHiFO4gRztVIkggkE,https://api.spotify.com/v1/tracks/2TfSHkHiFO4gRztVIkggkE,https://api.spotify.com/v1/audio-analysis/2TfSHkHiFO4gRztVIkggkE,229093,4,"Sugar, We're Goin Down",2005-05-03,427,103
25,0.528,0.94,0,-4.186,1,0.0588,0.000549,0.0,0.326,0.651,101.588,audio_features,6HJzCcSMggn7Ultxs48dAe,spotify:track:6HJzCcSMggn7Ultxs48dAe,https://api.spotify.com/v1/tracks/6HJzCcSMggn7Ultxs48dAe,https://api.spotify.com/v1/audio-analysis/6HJzCcSMggn7Ultxs48dAe,200747,4,Nobody Puts Baby In The Corner,2005-05-03,434,84
26,0.46,0.933,0,-3.766,1,0.0516,0.000811,0.0,0.158,0.523,154.165,audio_features,3DASPeFJXSIycNpbROhrAC,spotify:track:3DASPeFJXSIycNpbROhrAC,https://api.spotify.com/v1/tracks/3DASPeFJXSIycNpbROhrAC,https://api.spotify.com/v1/audio-analysis/3DASPeFJXSIycNpbROhrAC,190520,4,I've Got A Dark Alley And A Bad Idea That Says You Should Shut Your Mouth (Summer Song),2005-05-03,209,108
27,0.468,0.981,11,-3.295,1,0.0609,0.000702,0.0,0.124,0.683,186.341,audio_features,2erNwv0Yti7uirpIU8wbvv,spotify:track:2erNwv0Yti7uirpIU8wbvv,https://api.spotify.com/v1/tracks/2erNwv0Yti7uirpIU8wbvv,https://api.spotify.com/v1/audio-analysis/2erNwv0Yti7uirpIU8wbvv,182707,4,7 Minutes In Heaven (Atavan Halen),2005-05-03,304,84
28,0.572,0.907,11,-3.387,1,0.0497,0.00637,0.0,0.231,0.557,133.026,audio_features,1iir1dMidSGRzbPMCCEtfX,spotify:track:1iir1dMidSGRzbPMCCEtfX,https://api.spotify.com/v1/tracks/1iir1dMidSGRzbPMCCEtfX,https://api.spotify.com/v1/audio-analysis/1iir1dMidSGRzbPMCCEtfX,203760,4,Sophomore Slump Or Comeback Of The Year,2005-05-03,403,145
29,0.445,0.964,0,-3.278,1,0.0803,0.000553,0.0,0.696,0.511,160.153,audio_features,78A2FZKzGtkaIIlov5te9S,spotify:track:78A2FZKzGtkaIIlov5te9S,https://api.spotify.com/v1/tracks/78A2FZKzGtkaIIlov5te9S,https://api.spotify.com/v1/audio-analysis/78A2FZKzGtkaIIlov5te9S,203813,4,"Champagne For My Real Friends, Real Pain For My Sham Friends",2005-05-03,292,125
30,0.392,0.956,2,-3.271,1,0.0961,0.00159,0.0,0.847,0.644,196.133,audio_features,79oQb66jALYYKX1hn4qs4p,spotify:track:79oQb66jALYYKX1hn4qs4p,https://api.spotify.com/v1/tracks/79oQb66jALYYKX1hn4qs4p,https://api.spotify.com/v1/audio-analysis/79oQb66jALYYKX1hn4qs4p,211493,4,I Slept With Someone In Fall Out Boy And All I Got Was This Stupid Song Written About Me,2005-05-03,356,131
31,0.538,0.889,7,-3.586,1,0.0596,0.00704,0.0,0.312,0.696,133.044,audio_features,4pmU8AtVu9qU40Xd9zjEfA,spotify:track:4pmU8AtVu9qU40Xd9zjEfA,https://api.spotify.com/v1/tracks/4pmU8AtVu9qU40Xd9zjEfA,https://api.spotify.com/v1/audio-analysis/4pmU8AtVu9qU40Xd9zjEfA,169027,4,"A Little Less Sixteen Candles, A Little More ""Touch Me""",2005-05-03,282,115
32,0.638,0.834,4,-4.764,0,0.0497,0.0036,0.0,0.56,0.485,126.044,audio_features,4903HFfvLIQ8ujvQ0ARNGI,spotify:track:4903HFfvLIQ8ujvQ0ARNGI,https://api.spotify.com/v1/tracks/4903HFfvLIQ8ujvQ0ARNGI,https://api.spotify.com/v1/audio-analysis/4903HFfvLIQ8ujvQ0ARNGI,207653,3,Get Busy Living Or Get Busy Dying (Do Your Part To Save The Scene And Stop Going To Shows),2005-05-03,385,149
33,0.482,0.963,11,-3.161,0,0.0743,0.000633,0.0,0.0959,0.423,131.333,audio_features,4u2JQ1rzBirJVn6Ka2aQ5l,spotify:track:4u2JQ1rzBirJVn6Ka2aQ5l,https://api.spotify.com/v1/tracks/4u2JQ1rzBirJVn6Ka2aQ5l,https://api.spotify.com/v1/audio-analysis/4u2JQ1rzBirJVn6Ka2aQ5l,220653,4,XO,2005-05-03,355,116
34,0.493,0.936,5,-3.863,1,0.0934,0.000696,3.5e-06,0.381,0.558,154.274,audio_features,0yeiLZimqsJgh5zmRacywg,spotify:track:0yeiLZimqsJgh5zmRacywg,https://api.spotify.com/v1/tracks/0yeiLZimqsJgh5zmRacywg,https://api.spotify.com/v1/audio-analysis/0yeiLZimqsJgh5zmRacywg,188533,4,Our Lawyer Made Us Change The Name Of This Song So We Wouldn't Get Sued,2006-01-01,215,88
35,0.432,0.94,0,-3.393,1,0.0599,0.00461,0.0,0.0709,0.71,172.132,audio_features,599uvz3hIe66Md7Hfk2NOI,spotify:track:599uvz3hIe66Md7Hfk2NOI,https://api.spotify.com/v1/tracks/599uvz3hIe66Md7Hfk2NOI,https://api.spotify.com/v1/audio-analysis/599uvz3hIe66Md7Hfk2NOI,191173,4,Of All The Gin Joints In All The World,2006-01-01,247,85
36,0.622,0.957,11,-3.176,0,0.131,0.00485,0.0,0.0863,0.517,114.471,audio_features,5Xbx9mAWoTiLbMOMQofoE6,spotify:track:5Xbx9mAWoTiLbMOMQofoE6,https://api.spotify.com/v1/tracks/5Xbx9mAWoTiLbMOMQofoE6,https://api.spotify.com/v1/audio-analysis/5Xbx9mAWoTiLbMOMQofoE6,180267,4,"Dance, Dance",2006-01-01,312,131
37,0.5,0.825,7,-4.759,1,0.0774,0.00852,0.0,0.13,0.598,161.925,audio_features,5h1Dfnx9YI3A3lCrTyVbuP,spotify:track:5h1Dfnx9YI3A3lCrTyVbuP,https://api.spotify.com/v1/tracks/5h1Dfnx9YI3A3lCrTyVbuP,https://api.spotify.com/v1/audio-analysis/5h1Dfnx9YI3A3lCrTyVbuP,229093,4,"Sugar, We're Goin Down",2006-01-01,427,103
38,0.525,0.931,0,-4.189,1,0.0543,0.000581,0.0,0.311,0.674,101.631,audio_features,0duHXG9iQP2NZsJACpbFZv,spotify:track:0duHXG9iQP2NZsJACpbFZv,https://api.spotify.com/v1/tracks/0duHXG9iQP2NZsJACpbFZv,https://api.spotify.com/v1/audio-analysis/0duHXG9iQP2NZsJACpbFZv,200747,4,Nobody Puts Baby In The Corner,2006-01-01,434,84
39,0.455,0.943,0,-3.784,1,0.0545,0.000988,0.0,0.125,0.455,154.082,audio_features,0goLTsTWQhZKJNSzF12I2Y,spotify:track:0goLTsTWQhZKJNSzF12I2Y,https://api.spotify.com/v1/tracks/0goLTsTWQhZKJNSzF12I2Y,https://api.spotify.com/v1/audio-analysis/0goLTsTWQhZKJNSzF12I2Y,190520,4,I've Got A Dark Alley And A Bad Idea That Says You Should Shut Your Mouth (Summer Song),2006-01-01,209,108
40,0.467,0.982,4,-3.299,1,0.0659,0.00068,1.05e-06,0.307,0.688,186.343,audio_features,4lteuubnwiJzNnq30gki01,spotify:track:4lteuubnwiJzNnq30gki01,https://api.spotify.com/v1/tracks/4lteuubnwiJzNnq30gki01,https://api.spotify.com/v1/audio-analysis/4lteuubnwiJzNnq30gki01,182707,4,7 Minutes In Heaven (Atavan Halen),2006-01-01,304,84
41,0.573,0.899,11,-3.41,1,0.047,0.0066,0.0,0.217,0.567,133.001,audio_features,1wtbYG4YhGox0lZZRDa9KH,spotify:track:1wtbYG4YhGox0lZZRDa9KH,https://api.spotify.com/v1/tracks/1wtbYG4YhGox0lZZRDa9KH,https://api.spotify.com/v1/audio-analysis/1wtbYG4YhGox0lZZRDa9KH,203760,4,Sophomore Slump Or Comeback Of The Year,2006-01-01,403,145
42,0.441,0.958,0,-3.316,1,0.0956,0.000475,0.0,0.666,0.564,160.126,audio_features,3rS2J6Qvv0PLfmwPepzFSQ,spotify:track:3rS2J6Qvv0PLfmwPepzFSQ,https://api.spotify.com/v1/tracks/3rS2J6Qvv0PLfmwPepzFSQ,https://api.spotify.com/v1/audio-analysis/3rS2J6Qvv0PLfmwPepzFSQ,203827,4,"Champagne For My Real Friends, Real Pain For My Sham Friends",2006-01-01,292,125
43,0.399,0.957,11,-3.284,0,0.123,0.00157,0.0,0.845,0.637,196.197,audio_features,5A0UBoQaYh3Q4lYCObgiM3,spotify:track:5A0UBoQaYh3Q4lYCObgiM3,https://api.spotify.com/v1/tracks/5A0UBoQaYh3Q4lYCObgiM3,https://api.spotify.com/v1/audio-analysis/5A0UBoQaYh3Q4lYCObgiM3,211493,4,I Slept With Someone In Fall Out Boy And All I Got Was This Stupid Song Written About Me,2006-01-01,356,131
44,0.53,0.883,7,-3.603,1,0.0591,0.0064,0.0,0.321,0.704,133.084,audio_features,7lUkWJ4tBAovjDibEtcVt7,spotify:track:7lUkWJ4tBAovjDibEtcVt7,https://api.spotify.com/v1/tracks/7lUkWJ4tBAovjDibEtcVt7,https://api.spotify.com/v1/audio-analysis/7lUkWJ4tBAovjDibEtcVt7,169027,4,"A Little Less Sixteen Candles, A Little More ""Touch Me""",2006-01-01,282,115
45,0.638,0.82,4,-4.749,0,0.0434,0.00373,0.0,0.701,0.431,126.019,audio_features,3ni6qGsTnioh5vlpYdj9A5,spotify:track:3ni6qGsTnioh5vlpYdj9A5,https://api.spotify.com/v1/tracks/3ni6qGsTnioh5vlpYdj9A5,https://api.spotify.com/v1/audio-analysis/3ni6qGsTnioh5vlpYdj9A5,207653,3,Get Busy Living Or Get Busy Dying (Do Your Part To Save The Scene And Stop Going To Shows),2006-01-01,385,149
46,0.523,0.993,4,-1.697,0,0.115,0.00234,0.0,0.294,0.424,103.663,audio_features,0BIzDMGOblVrdoXQFmzdbV,spotify:track:0BIzDMGOblVrdoXQFmzdbV,https://api.spotify.com/v1/tracks/0BIzDMGOblVrdoXQFmzdbV,https://api.spotify.com/v1/audio-analysis/0BIzDMGOblVrdoXQFmzdbV,170493,4,Snitches And Talkers Get Stitches And Walkers,2006-01-01,300,106
47,0.513,0.985,10,-3.219,1,0.135,0.000323,0.0,0.348,0.466,93.008,audio_features,1Ho66qbcEziNWD0u6jhJiv,spotify:track:1Ho66qbcEziNWD0u6jhJiv,https://api.spotify.com/v1/tracks/1Ho66qbcEziNWD0u6jhJiv,https://api.spotify.com/v1/audio-analysis/1Ho66qbcEziNWD0u6jhJiv,207893,4,The Music Or The Misery,2006-01-01,285,113
48,0.678,0.697,0,-5.032,1,0.0394,0.0465,0.0,0.07,0.553,122.072,audio_features,65GNscwXweC13xtqCh0nj6,spotify:track:65GNscwXweC13xtqCh0nj6,https://api.spotify.com/v1/tracks/65GNscwXweC13xtqCh0nj6,https://api.spotify.com/v1/audio-analysis/65GNscwXweC13xtqCh0nj6,202627,4,My Heart Is The Worst Kind Of Weapon - Demo,2006-01-01,307,154
49,0.375,0.901,2,-3.388,1,0.106,0.00734,1.68e-06,0.315,0.327,178.895,audio_features,07kBp5VuebubsozpQd3nyK,spotify:track:07kBp5VuebubsozpQd3nyK,https://api.spotify.com/v1/tracks/07kBp5VuebubsozpQd3nyK,https://api.spotify.com/v1/audio-analysis/07kBp5VuebubsozpQd3nyK,209720,4,Thriller,2007-01-01,284,140
50,0.609,0.917,9,-2.563,1,0.0477,0.00614,1.96e-05,0.0775,0.67,149.948,audio_features,3rG8ZkmKHb4Ms6CsSzEITv,spotify:track:3rG8ZkmKHb4Ms6CsSzEITv,https://api.spotify.com/v1/tracks/3rG8ZkmKHb4Ms6CsSzEITv,https://api.spotify.com/v1/audio-analysis/3rG8ZkmKHb4Ms6CsSzEITv,213587,4,"""The Take Over, The Breaks Over""",2007-01-01,276,95
51,0.435,0.887,9,-4.07,1,0.0636,0.000747,0.0,0.0327,0.408,199.935,audio_features,1oagRT7LfpVlNJN6FSZDGp,spotify:track:1oagRT7LfpVlNJN6FSZDGp,https://api.spotify.com/v1/tracks/1oagRT7LfpVlNJN6FSZDGp,https://api.spotify.com/v1/audio-analysis/1oagRT7LfpVlNJN6FSZDGp,212040,4,"This Ain't A Scene, It's An Arms Race",2007-01-01,336,129
52,0.529,0.8,1,-3.79,1,0.0318,0.00301,1.17e-05,0.102,0.498,96.81,audio_features,6A9nyMBdNUzVcFHZUEZ71F,spotify:track:6A9nyMBdNUzVcFHZUEZ71F,https://api.spotify.com/v1/tracks/6A9nyMBdNUzVcFHZUEZ71F,https://api.spotify.com/v1/audio-analysis/6A9nyMBdNUzVcFHZUEZ71F,211720,4,I'm Like A Lawyer With The Way I'm Always Trying To Get You Off (Me & You),2007-01-01,341,107
53,0.466,0.957,2,-3.302,1,0.0637,0.00784,0.0,0.48,0.657,183.959,audio_features,028njLMKzGg4gAVSgMeOhm,spotify:track:028njLMKzGg4gAVSgMeOhm,https://api.spotify.com/v1/tracks/028njLMKzGg4gAVSgMeOhm,https://api.spotify.com/v1/audio-analysis/028njLMKzGg4gAVSgMeOhm,230507,4,Hum Hallelujah,2007-01-01,348,135
54,0.35,0.411,8,-7.403,1,0.0275,0.835,0.0017,0.118,0.163,179.68,audio_features,6OvgbhJ6Cf8QwuTtvwZYCH,spotify:track:6OvgbhJ6Cf8QwuTtvwZYCH,https://api.spotify.com/v1/tracks/6OvgbhJ6Cf8QwuTtvwZYCH,https://api.spotify.com/v1/audio-analysis/6OvgbhJ6Cf8QwuTtvwZYCH,152400,4,Golden,2007-01-01,158,73
55,0.459,0.891,10,-5.057,0,0.0623,0.00511,0.0,0.106,0.588,154.837,audio_features,3Zwu2K0Qa5sT6teCCHPShP,spotify:track:3Zwu2K0Qa5sT6teCCHPShP,https://api.spotify.com/v1/tracks/3Zwu2K0Qa5sT6teCCHPShP,https://api.spotify.com/v1/audio-analysis/3Zwu2K0Qa5sT6teCCHPShP,203507,4,Thnks fr th Mmrs,2007-01-01,354,145
56,0.448,0.949,1,-2.57,1,0.0854,0.00136,5.59e-06,0.017,0.863,162.889,audio_features,3HOGZQbzokUiYHuWhxOBjx,spotify:track:3HOGZQbzokUiYHuWhxOBjx,https://api.spotify.com/v1/tracks/3HOGZQbzokUiYHuWhxOBjx,https://api.spotify.com/v1/audio-analysis/3HOGZQbzokUiYHuWhxOBjx,171960,4,Don't You Know Who I Think I Am?,2007-01-01,283,90
57,0.503,0.911,5,-4.935,1,0.0502,0.0052,3.84e-06,0.0714,0.458,141.9,audio_features,0QhqxKBvIsQwIvCwfAf0lI,spotify:track:0QhqxKBvIsQwIvCwfAf0lI,https://api.spotify.com/v1/tracks/0QhqxKBvIsQwIvCwfAf0lI,https://api.spotify.com/v1/audio-analysis/0QhqxKBvIsQwIvCwfAf0lI,201707,4,The (After) Life Of The Party,2007-01-01,192,75
58,0.466,0.941,2,-2.82,0,0.0497,0.00184,7.9e-06,0.34,0.599,140.765,audio_features,6FAUi2Xm6RCF0wpwG8oXGZ,spotify:track:6FAUi2Xm6RCF0wpwG8oXGZ,https://api.spotify.com/v1/tracks/6FAUi2Xm6RCF0wpwG8oXGZ,https://api.spotify.com/v1/audio-analysis/6FAUi2Xm6RCF0wpwG8oXGZ,203840,4,The Carpal Tunnel Of Love,2007-01-01,267,146
59,0.573,0.949,1,-3.469,1,0.0484,0.000251,1.25e-06,0.088,0.69,128.406,audio_features,1Fvf8AO4GWwjLU12Im0s0q,spotify:track:1Fvf8AO4GWwjLU12Im0s0q,https://api.spotify.com/v1/tracks/1Fvf8AO4GWwjLU12Im0s0q,https://api.spotify.com/v1/audio-analysis/1Fvf8AO4GWwjLU12Im0s0q,211333,4,Bang The Doldrums,2007-01-01,246,111
60,0.407,0.969,5,-2.908,0,0.0856,0.000193,0.000113,0.19,0.647,168.891,audio_features,0EwfAdBab8DRcDCC1RKhMY,spotify:track:0EwfAdBab8DRcDCC1RKhMY,https://api.spotify.com/v1/tracks/0EwfAdBab8DRcDCC1RKhMY,https://api.spotify.com/v1/audio-analysis/0EwfAdBab8DRcDCC1RKhMY,186027,4,Fame < Infamy,2007-01-01,212,84
61,0.533,0.949,2,-3.43,0,0.0388,0.000747,1.92e-06,0.254,0.534,107.919,audio_features,64CB5Vaexl0pcWuO6Yyco6,spotify:track:64CB5Vaexl0pcWuO6Yyco6,https://api.spotify.com/v1/tracks/64CB5Vaexl0pcWuO6Yyco6,https://api.spotify.com/v1/audio-analysis/64CB5Vaexl0pcWuO6Yyco6,222200,4,"You're Crashing, But You're No Wave",2007-01-01,321,178
62,0.583,0.922,11,-3.843,1,0.0387,0.0192,3.19e-05,0.614,0.4,101.989,audio_features,1CRVvwUopaV42bAEvoh194,spotify:track:1CRVvwUopaV42bAEvoh194,https://api.spotify.com/v1/tracks/1CRVvwUopaV42bAEvoh194,https://api.spotify.com/v1/audio-analysis/1CRVvwUopaV42bAEvoh194,246533,4,I've Got All This Ringing In My Ears And None On My Fingers,2007-01-01,170,77
63,0.378,0.961,2,-3.069,1,0.0892,0.00152,4.87e-06,0.189,0.727,178.064,audio_features,6t87wHYpHlTwOctOS6GKXa,spotify:track:6t87wHYpHlTwOctOS6GKXa,https://api.spotify.com/v1/tracks/6t87wHYpHlTwOctOS6GKXa,https://api.spotify.com/v1/audio-analysis/6t87wHYpHlTwOctOS6GKXa,195093,4,G.I.N.A.S.F.S.,2007-01-01,308,145
64,0.42,0.949,10,-3.902,1,0.0823,0.0196,0.0,0.284,0.594,163.945,audio_features,1gSt2UlC7mtRtJIc5zqKWn,spotify:track:1gSt2UlC7mtRtJIc5zqKWn,https://api.spotify.com/v1/tracks/1gSt2UlC7mtRtJIc5zqKWn,https://api.spotify.com/v1/audio-analysis/1gSt2UlC7mtRtJIc5zqKWn,203667,4,"It's Hard To Say ""I Do"", When I Don't",2007-01-01,308,126
65,0.451,0.909,2,-3.633,1,0.0644,0.0111,0.0,0.66,0.363,146.894,audio_features,31wZkGGMaagKKmekkNmYI2,spotify:track:31wZkGGMaagKKmekkNmYI2,https://api.spotify.com/v1/tracks/31wZkGGMaagKKmekkNmYI2,https://api.spotify.com/v1/audio-analysis/31wZkGGMaagKKmekkNmYI2,257587,4,Disloyal Order Of Water Buffaloes,2008-01-01,331,144
66,0.547,0.939,6,-3.587,0,0.0532,0.00222,1.89e-05,0.587,0.437,133.969,audio_features,5gbnsMZKQE3W0B80qJ9kJY,spotify:track:5gbnsMZKQE3W0B80qJ9kJY,https://api.spotify.com/v1/tracks/5gbnsMZKQE3W0B80qJ9kJY,https://api.spotify.com/v1/audio-analysis/5gbnsMZKQE3W0B80qJ9kJY,214493,4,I Don't Care,2008-01-01,350,129
67,0.574,0.965,6,-4.444,0,0.0737,0.000573,0.000377,0.51,0.632,136.038,audio_features,03vVD64kbISGEcSbmnYtXl,spotify:track:03vVD64kbISGEcSbmnYtXl,https://api.spotify.com/v1/tracks/03vVD64kbISGEcSbmnYtXl,https://api.spotify.com/v1/audio-analysis/03vVD64kbISGEcSbmnYtXl,231493,4,She's My Winona,2008-01-01,267,108
68,0.486,0.928,2,-3.492,1,0.0464,0.00931,0.0,0.111,0.593,160.04,audio_features,3A0l54lo6iCdOokmnppRkp,spotify:track:3A0l54lo6iCdOokmnppRkp,https://api.spotify.com/v1/tracks/3A0l54lo6iCdOokmnppRkp,https://api.spotify.com/v1/audio-analysis/3A0l54lo6iCdOokmnppRkp,214133,4,America's Suitehearts,2008-01-01,260,101
69,0.609,0.772,2,-4.298,0,0.032,0.0113,2.74e-06,0.358,0.535,120.055,audio_features,7CAzK5N3n69UymsxpgSlt0,spotify:track:7CAzK5N3n69UymsxpgSlt0,https://api.spotify.com/v1/tracks/7CAzK5N3n69UymsxpgSlt0,https://api.spotify.com/v1/audio-analysis/7CAzK5N3n69UymsxpgSlt0,234493,4,Headfirst Slide Into Cooperstown On A Bad Bet,2008-01-01,363,123
70,0.443,0.755,8,-4.259,0,0.0379,0.0053,0.0,0.194,0.774,172.061,audio_features,37sNp5j4fHPA0uD5WrxcJw,spotify:track:37sNp5j4fHPA0uD5WrxcJw,https://api.spotify.com/v1/tracks/37sNp5j4fHPA0uD5WrxcJw,https://api.spotify.com/v1/audio-analysis/37sNp5j4fHPA0uD5WrxcJw,198800,4,The (Shipped) Gold Standard,2008-01-01,341,137
71,0.436,0.953,4,-3.011,1,0.0818,0.00278,0.000164,0.366,0.346,154.945,audio_features,2FVOiuDxeN4CPjYuJ0ZsiG,spotify:track:2FVOiuDxeN4CPjYuJ0ZsiG,https://api.spotify.com/v1/tracks/2FVOiuDxeN4CPjYuJ0ZsiG,https://api.spotify.com/v1/audio-analysis/2FVOiuDxeN4CPjYuJ0ZsiG,275413,4,(Coffee's For Closers),2008-01-01,385,98
72,0.481,0.696,5,-4.194,1,0.0354,0.0611,1.39e-06,0.221,0.468,127.994,audio_features,5kTsREMyZ4pGHLLeQMdahN,spotify:track:5kTsREMyZ4pGHLLeQMdahN,https://api.spotify.com/v1/tracks/5kTsREMyZ4pGHLLeQMdahN,https://api.spotify.com/v1/audio-analysis/5kTsREMyZ4pGHLLeQMdahN,290800,4,"What A Catch, Donnie",2008-01-01,404,173
73,0.485,0.941,11,-3.55,0,0.0512,0.000847,5.36e-06,0.554,0.794,156.943,audio_features,00O7ESPwJ4p4zndehVsoXI,spotify:track:00O7ESPwJ4p4zndehVsoXI,https://api.spotify.com/v1/tracks/00O7ESPwJ4p4zndehVsoXI,https://api.spotify.com/v1/audio-analysis/00O7ESPwJ4p4zndehVsoXI,192080,4,27,2008-01-01,285,117
74,0.597,0.883,4,-4.459,1,0.0602,0.00885,3.98e-06,0.286,0.705,131.088,audio_features,74JqiNBTYsWAoRZKRgZh7F,spotify:track:74JqiNBTYsWAoRZKRgZh7F,https://api.spotify.com/v1/tracks/74JqiNBTYsWAoRZKRgZh7F,https://api.spotify.com/v1/audio-analysis/74JqiNBTYsWAoRZKRgZh7F,223987,4,Tiffany Blews,2008-01-01,441,132
75,0.384,0.844,10,-6.946,0,0.0873,0.0187,6.3e-05,0.16,0.413,127.057,audio_features,5zeaYqiqhRkMPb6NQkrHYx,spotify:track:5zeaYqiqhRkMPb6NQkrHYx,https://api.spotify.com/v1/tracks/5zeaYqiqhRkMPb6NQkrHYx,https://api.spotify.com/v1/audio-analysis/5zeaYqiqhRkMPb6NQkrHYx,278013,4,w.a.m.s.,2008-01-01,296,124
76,0.492,0.852,8,-4.954,1,0.0878,0.0371,0.0,0.434,0.867,198.142,audio_features,4aibxWPXSXVgm6kIQSqjga,spotify:track:4aibxWPXSXVgm6kIQSqjga,https://api.spotify.com/v1/tracks/4aibxWPXSXVgm6kIQSqjga,https://api.spotify.com/v1/audio-analysis/4aibxWPXSXVgm6kIQSqjga,257427,4,20 Dollar Nose Bleed,2008-01-01,437,193
77,0.598,0.811,4,-3.816,0,0.0346,0.00402,2.2e-06,0.303,0.485,119.984,audio_features,6M7qbvNRVg2QSDQYcnmdUP,spotify:track:6M7qbvNRVg2QSDQYcnmdUP,https://api.spotify.com/v1/tracks/6M7qbvNRVg2QSDQYcnmdUP,https://api.spotify.com/v1/audio-analysis/6M7qbvNRVg2QSDQYcnmdUP,165613,4,West Coast Smoker,2008-01-01,283,126
78,0.561,0.944,0,-3.437,1,0.0613,0.0357,3.41e-06,0.337,0.84,149.959,audio_features,1ynUiT83zllQA0ELW5XWFk,spotify:track:1ynUiT83zllQA0ELW5XWFk,https://api.spotify.com/v1/tracks/1ynUiT83zllQA0ELW5XWFk,https://api.spotify.com/v1/audio-analysis/1ynUiT83zllQA0ELW5XWFk,227693,4,Beat It,2008-01-01,426,102
79,0.562,0.964,4,-2.991,0,0.072,0.000539,1.57e-06,0.579,0.41,138.063,audio_features,53AuxddsgPSlqM619nJhSd,spotify:track:53AuxddsgPSlqM619nJhSd,https://api.spotify.com/v1/tracks/53AuxddsgPSlqM619nJhSd,https://api.spotify.com/v1/audio-analysis/53AuxddsgPSlqM619nJhSd,244960,4,The Phoenix,2013-01-01,470,147
80,0.558,0.924,9,-4.341,0,0.064,0.0271,3.32e-06,0.537,0.567,151.99,audio_features,7s0lDK7y3XLmI7tcsRAbW0,spotify:track:7s0lDK7y3XLmI7tcsRAbW0,https://api.spotify.com/v1/tracks/7s0lDK7y3XLmI7tcsRAbW0,https://api.spotify.com/v1/audio-analysis/7s0lDK7y3XLmI7tcsRAbW0,186827,4,My Songs Know What You Did In The Dark (Light Em Up),2013-01-01,344,122
81,0.552,0.915,4,-3.713,1,0.0559,0.0013,3.74e-05,0.206,0.606,90.013,audio_features,5MsZIaCYY6Tsdph0LiB0hE,spotify:track:5MsZIaCYY6Tsdph0LiB0hE,https://api.spotify.com/v1/tracks/5MsZIaCYY6Tsdph0LiB0hE,https://api.spotify.com/v1/audio-analysis/5MsZIaCYY6Tsdph0LiB0hE,203413,4,Alone Together,2013-01-01,443,120
82,0.631,0.891,0,-4.202,1,0.0998,0.00368,0.00124,0.157,0.677,119.96,audio_features,66324Jt0mZdXaM7f8uUitE,spotify:track:66324Jt0mZdXaM7f8uUitE,https://api.spotify.com/v1/tracks/66324Jt0mZdXaM7f8uUitE,https://api.spotify.com/v1/audio-analysis/66324Jt0mZdXaM7f8uUitE,243040,4,Where Did The Party Go,2013-01-01,473,164
83,0.508,0.907,6,-3.443,0,0.0565,0.0423,6.83e-05,0.221,0.587,104.997,audio_features,0l2p5mDOP3czJ2FpD6zWie,spotify:track:0l2p5mDOP3czJ2FpD6zWie,https://api.spotify.com/v1/tracks/0l2p5mDOP3czJ2FpD6zWie,https://api.spotify.com/v1/audio-analysis/0l2p5mDOP3czJ2FpD6zWie,244720,4,Just One Yesterday,2013-01-01,411,127
84,0.511,0.95,4,-3.833,0,0.184,0.0612,0.0,0.203,0.539,151.943,audio_features,49nmsafpkJp2lDj9b4jkxh,spotify:track:49nmsafpkJp2lDj9b4jkxh,https://api.spotify.com/v1/tracks/49nmsafpkJp2lDj9b4jkxh,https://api.spotify.com/v1/audio-analysis/49nmsafpkJp2lDj9b4jkxh,212467,4,The Mighty Fall,2013-01-01,381,198
85,0.556,0.851,6,-2.981,0,0.0443,4.46e-05,1.97e-05,0.211,0.271,114.948,audio_features,05Z77MHLPcBA2Wd5eDSJzl,spotify:track:05Z77MHLPcBA2Wd5eDSJzl,https://api.spotify.com/v1/tracks/05Z77MHLPcBA2Wd5eDSJzl,https://api.spotify.com/v1/audio-analysis/05Z77MHLPcBA2Wd5eDSJzl,211027,4,Miss Missing You,2013-01-01,259,126
86,0.571,0.926,8,-3.576,0,0.0479,0.000217,0.00376,0.0522,0.576,133.903,audio_features,3iJmiaoZWzykf3Hl4IeYtI,spotify:track:3iJmiaoZWzykf3Hl4IeYtI,https://api.spotify.com/v1/tracks/3iJmiaoZWzykf3Hl4IeYtI,https://api.spotify.com/v1/audio-analysis/3iJmiaoZWzykf3Hl4IeYtI,226720,4,Death Valley,2013-01-01,271,115
87,0.599,0.853,11,-3.878,0,0.0365,0.00123,0.000504,0.37,0.676,94.997,audio_features,3nSiB5WCF2pmRQrYSsteHv,spotify:track:3nSiB5WCF2pmRQrYSsteHv,https://api.spotify.com/v1/tracks/3nSiB5WCF2pmRQrYSsteHv,https://api.spotify.com/v1/audio-analysis/3nSiB5WCF2pmRQrYSsteHv,204507,4,Young Volcanoes,2013-01-01,149,70
88,0.474,0.853,8,-3.775,1,0.12,0.000172,0.00121,0.109,0.559,170.076,audio_features,6VOWUjl7sumb6IpBPkjQat,spotify:track:6VOWUjl7sumb6IpBPkjQat,https://api.spotify.com/v1/tracks/6VOWUjl7sumb6IpBPkjQat,https://api.spotify.com/v1/audio-analysis/6VOWUjl7sumb6IpBPkjQat,241600,4,Rat A Tat,2013-01-01,575,229
89,0.557,0.777,9,-6.286,1,0.0636,0.0756,4.29e-05,0.1,0.449,144.968,audio_features,0XJDfLHO7C6b0GpjeB5mpu,spotify:track:0XJDfLHO7C6b0GpjeB5mpu,https://api.spotify.com/v1/tracks/0XJDfLHO7C6b0GpjeB5mpu,https://api.spotify.com/v1/audio-analysis/0XJDfLHO7C6b0GpjeB5mpu,281080,4,Save Rock And Roll,2013-01-01,501,132
90,0.484,0.938,2,-3.123,1,0.112,0.0706,0.0,0.236,0.444,165.049,audio_features,3znPiywA0q1VK2jgAZFDoI,spotify:track:3znPiywA0q1VK2jgAZFDoI,https://api.spotify.com/v1/tracks/3znPiywA0q1VK2jgAZFDoI,https://api.spotify.com/v1/audio-analysis/3znPiywA0q1VK2jgAZFDoI,206507,4,Irresistible,2015-01-20,376,159
91,0.492,0.932,2,-2.401,1,0.203,0.00711,0.0,0.177,0.635,151.166,audio_features,3D4Xkcir5YEhk8Xidkd1dL,spotify:track:3D4Xkcir5YEhk8Xidkd1dL,https://api.spotify.com/v1/tracks/3D4Xkcir5YEhk8Xidkd1dL,https://api.spotify.com/v1/audio-analysis/3D4Xkcir5YEhk8Xidkd1dL,195947,4,American Beauty/American Psycho,2015-01-20,298,114
92,0.393,0.858,4,-2.868,0,0.0729,0.00359,0.0,0.102,0.56,176.042,audio_features,04aAxqtGp5pv12UXAg4pkq,spotify:track:04aAxqtGp5pv12UXAg4pkq,https://api.spotify.com/v1/tracks/04aAxqtGp5pv12UXAg4pkq,https://api.spotify.com/v1/audio-analysis/04aAxqtGp5pv12UXAg4pkq,228360,4,Centuries,2015-01-20,328,130
93,0.615,0.763,6,-4.189,1,0.0322,0.000246,0.141,0.298,0.333,115.991,audio_features,3x7NGlfDKQYN2wnwEnL7r9,spotify:track:3x7NGlfDKQYN2wnwEnL7r9,https://api.spotify.com/v1/tracks/3x7NGlfDKQYN2wnwEnL7r9,https://api.spotify.com/v1/audio-analysis/3x7NGlfDKQYN2wnwEnL7r9,260920,4,The Kids Aren't Alright,2015-01-20,350,162
94,0.623,0.962,4,-2.616,0,0.0895,0.103,0.000174,0.264,0.676,149.963,audio_features,5PUawWFG1oIS2NwEcyHaCr,spotify:track:5PUawWFG1oIS2NwEcyHaCr,https://api.spotify.com/v1/tracks/5PUawWFG1oIS2NwEcyHaCr,https://api.spotify.com/v1/audio-analysis/5PUawWFG1oIS2NwEcyHaCr,211573,4,Uma Thurman,2015-01-20,332,99
95,0.548,0.889,4,-4.52,0,0.128,0.00784,0.00866,0.341,0.365,156.041,audio_features,7d0R90VzB45UWf3Aey0X22,spotify:track:7d0R90VzB45UWf3Aey0X22,https://api.spotify.com/v1/tracks/7d0R90VzB45UWf3Aey0X22,https://api.spotify.com/v1/audio-analysis/7d0R90VzB45UWf3Aey0X22,179267,4,Jet Pack Blues,2015-01-20,363,115
96,0.536,0.974,2,-2.833,1,0.0969,0.0065,0.00102,0.357,0.481,135.997,audio_features,5F0bmCjKUufNz1bHXfgRwe,spotify:track:5F0bmCjKUufNz1bHXfgRwe,https://api.spotify.com/v1/tracks/5F0bmCjKUufNz1bHXfgRwe,https://api.spotify.com/v1/audio-analysis/5F0bmCjKUufNz1bHXfgRwe,226867,4,Novocaine,2015-01-20,359,134
97,0.481,0.974,4,-3.388,0,0.136,0.139,0.00998,0.406,0.516,79.964,audio_features,1vrjcPplEuenckUzGGp2UR,spotify:track:1vrjcPplEuenckUzGGp2UR,https://api.spotify.com/v1/tracks/1vrjcPplEuenckUzGGp2UR,https://api.spotify.com/v1/audio-analysis/1vrjcPplEuenckUzGGp2UR,224360,4,Fourth Of July,2015-01-20,540,144
98,0.66,0.944,2,-3.692,1,0.0522,0.00607,0.27,0.823,0.684,127.02,audio_features,4vC4nKK6bk9pYEVOU4EIbA,spotify:track:4vC4nKK6bk9pYEVOU4EIbA,https://api.spotify.com/v1/tracks/4vC4nKK6bk9pYEVOU4EIbA,https://api.spotify.com/v1/audio-analysis/4vC4nKK6bk9pYEVOU4EIbA,203413,4,Favorite Record,2015-01-20,321,94
99,0.616,0.868,2,-3.606,1,0.0699,0.00131,1.54e-06,0.671,0.475,108.016,audio_features,3Te8uLyit6X3ncNW8Fp3K2,spotify:track:3Te8uLyit6X3ncNW8Fp3K2,https://api.spotify.com/v1/tracks/3Te8uLyit6X3ncNW8Fp3K2,https://api.spotify.com/v1/audio-analysis/3Te8uLyit6X3ncNW8Fp3K2,189387,4,Immortals,2015-01-20,229,97
100,0.451,0.939,2,-2.546,0,0.116,0.00219,0.00223,0.366,0.192,80.098,audio_features,2WWP0IPX9xFjAMraNHX390,spotify:track:2WWP0IPX9xFjAMraNHX390,https://api.spotify.com/v1/tracks/2WWP0IPX9xFjAMraNHX390,https://api.spotify.com/v1/audio-analysis/2WWP0IPX9xFjAMraNHX390,220413,4,Twin Skeleton's (Hotel In NYC),2015-01-20,321,113
101,0.461,0.869,1,-4.672,0,0.0731,0.000616,8.19e-06,0.25,0.649,145.919,audio_features,0hfByzDRgR10HDLqm89lA9,spotify:track:0hfByzDRgR10HDLqm89lA9,https://api.spotify.com/v1/tracks/0hfByzDRgR10HDLqm89lA9,https://api.spotify.com/v1/audio-analysis/0hfByzDRgR10HDLqm89lA9,171053,4,Stay Frosty Royal Milk Tea,2018-01-19,339,109
102,0.579,0.872,8,-5.294,1,0.0443,0.00594,0.0,0.192,0.557,115.043,audio_features,1f6xYh2HSx8ttCjl4Pckep,spotify:track:1f6xYh2HSx8ttCjl4Pckep,https://api.spotify.com/v1/tracks/1f6xYh2HSx8ttCjl4Pckep,https://api.spotify.com/v1/audio-analysis/1f6xYh2HSx8ttCjl4Pckep,230400,4,The Last Of The Real Ones,2018-01-19,525,139
103,0.582,0.925,6,-4.366,0,0.0523,0.00699,2.9e-06,0.108,0.788,95.987,audio_features,0Q9vbV7G2Q6lts13nY9YGP,spotify:track:0Q9vbV7G2Q6lts13nY9YGP,https://api.spotify.com/v1/tracks/0Q9vbV7G2Q6lts13nY9YGP,https://api.spotify.com/v1/audio-analysis/0Q9vbV7G2Q6lts13nY9YGP,210360,4,HOLD ME TIGHT OR DON’T,2018-01-19,396,115
104,0.492,0.805,6,-4.372,1,0.0603,0.0241,0.0,0.107,0.66,152.035,audio_features,2W6kVW3UZ3hwr4qbfCDp6B,spotify:track:2W6kVW3UZ3hwr4qbfCDp6B,https://api.spotify.com/v1/tracks/2W6kVW3UZ3hwr4qbfCDp6B,https://api.spotify.com/v1/audio-analysis/2W6kVW3UZ3hwr4qbfCDp6B,216933,4,Wilson (Expensive Mistakes),2018-01-19,480,136
105,0.37,0.901,6,-3.393,0,0.05,0.0014,0.0,0.25,0.401,167.995,audio_features,0OUQhRKgGSb0PPrLUuEQka,spotify:track:0OUQhRKgGSb0PPrLUuEQka,https://api.spotify.com/v1/tracks/0OUQhRKgGSb0PPrLUuEQka,https://api.spotify.com/v1/audio-analysis/0OUQhRKgGSb0PPrLUuEQka,211827,4,Church,2018-01-19,302,97
106,0.398,0.586,6,-4.975,0,0.0344,0.0166,0.0,0.334,0.214,176.043,audio_features,4lN5YgMQNBANIKWSl6G54k,spotify:track:4lN5YgMQNBANIKWSl6G54k,https://api.spotify.com/v1/tracks/4lN5YgMQNBANIKWSl6G54k,https://api.spotify.com/v1/audio-analysis/4lN5YgMQNBANIKWSl6G54k,225707,3,Heaven’s Gate,2018-01-19,317,102
107,0.31,0.905,0,-4.109,1,0.253,0.000927,3.1e-05,0.431,0.309,187.796,audio_features,1DRUwJSt2YOUUEz965OJ66,spotify:track:1DRUwJSt2YOUUEz965OJ66,https://api.spotify.com/v1/tracks/1DRUwJSt2YOUUEz965OJ66,https://api.spotify.com/v1/audio-analysis/1DRUwJSt2YOUUEz965OJ66,192533,4,Champion,2018-01-19,405,94
108,0.585,0.731,11,-5.186,1,0.0376,0.00163,0.0,0.0462,0.804,133.981,audio_features,0ZqqrBHeSeyZahfcyw9N8O,spotify:track:0ZqqrBHeSeyZahfcyw9N8O,https://api.spotify.com/v1/tracks/0ZqqrBHeSeyZahfcyw9N8O,https://api.spotify.com/v1/audio-analysis/0ZqqrBHeSeyZahfcyw9N8O,204813,4,Sunshine Riptide,2018-01-19,405,182
109,0.645,0.832,11,-5.131,1,0.0571,0.111,0.000514,0.121,0.272,108.0,audio_features,2wQA22CbUkSD38g5Doqd9a,spotify:track:2wQA22CbUkSD38g5Doqd9a,https://api.spotify.com/v1/tracks/2wQA22CbUkSD38g5Doqd9a,https://api.spotify.com/v1/audio-analysis/2wQA22CbUkSD38g5Doqd9a,223947,4,Young And Menace,2018-01-19,222,111
110,0.443,0.755,9,-4.818,0,0.0357,0.0134,0.0,0.0903,0.383,139.852,audio_features,5lKI9qLSJkWWJ6USwMu6jF,spotify:track:5lKI9qLSJkWWJ6USwMu6jF,https://api.spotify.com/v1/tracks/5lKI9qLSJkWWJ6USwMu6jF,https://api.spotify.com/v1/audio-analysis/5lKI9qLSJkWWJ6USwMu6jF,263227,4,Bishops Knife Trick,2018-01-19,418,127
111,0.494,0.915,9,-3.623,1,0.0484,0.000353,0.0491,0.352,0.522,100.08,audio_features,3liDoBAc3NGI8tmWUTOAed,spotify:track:3liDoBAc3NGI8tmWUTOAed,https://api.spotify.com/v1/tracks/3liDoBAc3NGI8tmWUTOAed,https://api.spotify.com/v1/audio-analysis/3liDoBAc3NGI8tmWUTOAed,193040,4,Bob Dylan,2019-11-15,239,91
112,0.535,0.925,7,-3.012,1,0.239,0.0032,0.000359,0.0316,0.949,169.901,audio_features,1tm4Bl2E5RwTevOiBs4gtH,spotify:track:1tm4Bl2E5RwTevOiBs4gtH,https://api.spotify.com/v1/tracks/1tm4Bl2E5RwTevOiBs4gtH,https://api.spotify.com/v1/audio-analysis/1tm4Bl2E5RwTevOiBs4gtH,170040,4,Dear Future Self (Hands Up),2019-11-15,475,147
113,0.743,0.85,5,-3.568,0,0.0399,0.156,0.0,0.163,0.942,129.926,audio_features,6ulUsbo0byNEgHHloz55Rp,spotify:track:6ulUsbo0byNEgHHloz55Rp,https://api.spotify.com/v1/tracks/6ulUsbo0byNEgHHloz55Rp,https://api.spotify.com/v1/audio-analysis/6ulUsbo0byNEgHHloz55Rp,233147,4,I've Been Waiting,2019-11-15,496,150
114,0.526,0.962,2,-3.707,0,0.0726,0.00591,1.52e-05,0.591,0.545,136.923,audio_features,78QivlATTLEV1vaUPBTGlt,spotify:track:78QivlATTLEV1vaUPBTGlt,https://api.spotify.com/v1/tracks/78QivlATTLEV1vaUPBTGlt,https://api.spotify.com/v1/audio-analysis/78QivlATTLEV1vaUPBTGlt,221573,4,Alpha Dog,2009-01-01,272,119
115,0.461,0.964,7,-3.597,1,0.255,0.000977,0.0,0.087,0.363,159.942,audio_features,2hC4LPebn0xctVGsVPOwJX,spotify:track:2hC4LPebn0xctVGsVPOwJX,https://api.spotify.com/v1/tracks/2hC4LPebn0xctVGsVPOwJX,https://api.spotify.com/v1/audio-analysis/2hC4LPebn0xctVGsVPOwJX,216053,4,From Now On We Are Enemies,2009-01-01,403,112
116,0.668,0.522,4,-7.42,1,0.0311,0.696,0.0,0.609,0.717,107.977,audio_features,24ZZV8nmMT0TD5jVdkqNhK,spotify:track:24ZZV8nmMT0TD5jVdkqNhK,https://api.spotify.com/v1/tracks/24ZZV8nmMT0TD5jVdkqNhK,https://api.spotify.com/v1/audio-analysis/24ZZV8nmMT0TD5jVdkqNhK,221013,4,Yule Shoot Your Eye Out,2009-01-01,261,113
117,0.54,0.964,9,-4.075,1,0.126,0.0316,0.000112,0.389,0.586,150.008,audio_features,60yoFM8bGVM3JnCgy96Yko,spotify:track:60yoFM8bGVM3JnCgy96Yko,https://api.spotify.com/v1/tracks/60yoFM8bGVM3JnCgy96Yko,https://api.spotify.com/v1/audio-analysis/60yoFM8bGVM3JnCgy96Yko,224296,4,Saturday Night's Alright For Fighting,1973-10-05,352,126
118,0.566,0.949,5,-2.285,1,0.0536,0.00959,1.1e-05,0.313,0.658,142.006,audio_features,0UvVZwaKrd4JRXS03D59p0,spotify:track:0UvVZwaKrd4JRXS03D59p0,https://api.spotify.com/v1/tracks/0UvVZwaKrd4JRXS03D59p0,https://api.spotify.com/v1/audio-analysis/0UvVZwaKrd4JRXS03D59p0,220533,4,Lake Effect Kid,2018-08-23,253,100
119,0.474,0.895,0,-3.84,1,0.0564,0.0134,0.0,0.239,0.255,119.908,audio_features,3rBO0a30kWk85iYAV8K5as,spotify:track:3rBO0a30kWk85iYAV8K5as,https://api.spotify.com/v1/tracks/3rBO0a30kWk85iYAV8K5as,https://api.spotify.com/v1/audio-analysis/3rBO0a30kWk85iYAV8K5as,205760,4,City In A Garden,2018-08-23,308,95
120,0.47,0.731,5,-6.151,0,0.14,0.0232,1.58e-05,0.0556,0.383,159.016,audio_features,153bWE38AAzOWZFq976pw0,spotify:track:153bWE38AAzOWZFq976pw0,https://api.spotify.com/v1/tracks/153bWE38AAzOWZFq976pw0,https://api.spotify.com/v1/audio-analysis/153bWE38AAzOWZFq976pw0,225520,4,Super Fade,2018-08-23,360,96
121,0.585,0.906,4,-3.044,0,0.228,0.0268,0.0,0.0482,0.209,128.072,audio_features,1SqHHN5Mqy13gHbDGjTaU7,spotify:track:1SqHHN5Mqy13gHbDGjTaU7,https://api.spotify.com/v1/tracks/1SqHHN5Mqy13gHbDGjTaU7,https://api.spotify.com/v1/audio-analysis/1SqHHN5Mqy13gHbDGjTaU7,243747,4,Back to Earth (feat. Fall Out Boy),2014-09-29,317,69
122,0.446,0.716,11,-7.535,0,0.0574,0.000673,0.000817,0.156,0.444,98.707,audio_features,1zOZo1N4sb6XaJ3cv1QiGC,spotify:track:1zOZo1N4sb6XaJ3cv1QiGC,https://api.spotify.com/v1/tracks/1zOZo1N4sb6XaJ3cv1QiGC,https://api.spotify.com/v1/audio-analysis/1zOZo1N4sb6XaJ3cv1QiGC,95213,3,We Were Doomed From The Start (The King Is Dead),2013-01-01,148,70
123,0.141,0.948,11,-4.049,0,0.0743,0.001,0.131,0.38,0.521,199.081,audio_features,4R0dWNawrmaG2Ip0KXDJlz,spotify:track:4R0dWNawrmaG2Ip0KXDJlz,https://api.spotify.com/v1/tracks/4R0dWNawrmaG2Ip0KXDJlz,https://api.spotify.com/v1/audio-analysis/4R0dWNawrmaG2Ip0KXDJlz,63147,5,Art Of Keeping Up Disappearances,2013-01-01,66,30
124,0.376,0.904,6,-4.604,1,0.0507,0.023,0.00304,0.855,0.826,165.765,audio_features,4Zz4iusX6TnaxeEMwd17vH,spotify:track:4Zz4iusX6TnaxeEMwd17vH,https://api.spotify.com/v1/tracks/4Zz4iusX6TnaxeEMwd17vH,https://api.spotify.com/v1/audio-analysis/4Zz4iusX6TnaxeEMwd17vH,84973,4,"Hot To The Touch, Cold On The Inside",2013-01-01,197,82
125,0.233,0.942,6,-5.299,0,0.189,8.57e-05,0.182,0.587,0.597,188.035,audio_features,4KTTq4ioVF3MTu1cp7pH5z,spotify:track:4KTTq4ioVF3MTu1cp7pH5z,https://api.spotify.com/v1/tracks/4KTTq4ioVF3MTu1cp7pH5z,https://api.spotify.com/v1/audio-analysis/4KTTq4ioVF3MTu1cp7pH5z,83200,4,"Love, Sex, Death",2013-01-01,113,65
126,0.314,0.919,2,-2.728,1,0.0445,0.00726,0.646,0.188,0.443,130.573,audio_features,1ywUon1wcjvO5Y3u6TaGAk,spotify:track:1ywUon1wcjvO5Y3u6TaGAk,https://api.spotify.com/v1/tracks/1ywUon1wcjvO5Y3u6TaGAk,https://api.spotify.com/v1/audio-analysis/1ywUon1wcjvO5Y3u6TaGAk,105253,4,Eternal Summer,2013-01-01,148,65
127,0.383,0.905,0,-6.193,1,0.052,0.00491,0.535,0.922,0.279,97.215,audio_features,5ITVKom9tEyoji829dGfUk,spotify:track:5ITVKom9tEyoji829dGfUk,https://api.spotify.com/v1/tracks/5ITVKom9tEyoji829dGfUk,https://api.spotify.com/v1/audio-analysis/5ITVKom9tEyoji829dGfUk,110947,4,Demigods,2013-01-01,122,63
128,0.561,0.93,9,-3.054,1,0.044,0.0558,0.147,0.355,0.308,101.104,audio_features,0ij3jsLcJ08IFBnMTZwmNE,spotify:track:0ij3jsLcJ08IFBnMTZwmNE,https://api.spotify.com/v1/tracks/0ij3jsLcJ08IFBnMTZwmNE,https://api.spotify.com/v1/audio-analysis/0ij3jsLcJ08IFBnMTZwmNE,98547,4,American Made,2013-01-01,124,46
129,0.491,0.836,0,-6.184,1,0.046,0.00176,0.197,0.259,0.606,98.71,audio_features,13NRQMlHrN1HqO7O1Pz25C,spotify:track:13NRQMlHrN1HqO7O1Pz25C,https://api.spotify.com/v1/tracks/13NRQMlHrN1HqO7O1Pz25C,https://api.spotify.com/v1/audio-analysis/13NRQMlHrN1HqO7O1Pz25C,161787,4,Caffeine Cold,2013-01-01,201,107
130,0.374,0.921,2,-4.635,1,0.193,0.00214,4.71e-06,0.0607,0.498,183.008,audio_features,1itG3CX9u5QIdQ7T6naK7J,spotify:track:1itG3CX9u5QIdQ7T6naK7J,https://api.spotify.com/v1/tracks/1itG3CX9u5QIdQ7T6naK7J,https://api.spotify.com/v1/audio-analysis/1itG3CX9u5QIdQ7T6naK7J,193000,4,Roxanne,2004-01-01,216,69
131,0.597,0.909,1,-4.785,0,0.0585,0.0126,5.01e-05,0.125,0.682,118.981,audio_features,3Nca5js9xKegX655YZ43Uq,spotify:track:3Nca5js9xKegX655YZ43Uq,https://api.spotify.com/v1/tracks/3Nca5js9xKegX655YZ43Uq,https://api.spotify.com/v1/audio-analysis/3Nca5js9xKegX655YZ43Uq,262827,4,I Wanna Dance With Somebody (Who Loves Me) - Recorded at Spotify Studios NYC,2018-02-21,370,102
132,0.221,0.95,2,-4.336,1,0.118,0.00137,0.00207,0.216,0.554,207.185,audio_features,6zMNLIFrUss4qklFUdpzjp,spotify:track:6zMNLIFrUss4qklFUdpzjp,https://api.spotify.com/v1/tracks/6zMNLIFrUss4qklFUdpzjp,https://api.spotify.com/v1/audio-analysis/6zMNLIFrUss4qklFUdpzjp,199173,4,I Wan'na Be Like You (The Monkey Song),2015-10-30,243,98
133,0.803,0.396,0,-7.667,1,0.0402,0.314,0.0,0.234,0.671,119.969,audio_features,4MRZrheMhzghVTPXl199bN,spotify:track:4MRZrheMhzghVTPXl199bN,https://api.spotify.com/v1/tracks/4MRZrheMhzghVTPXl199bN,https://api.spotify.com/v1/audio-analysis/4MRZrheMhzghVTPXl199bN,202067,4,My Heart Is the Worst Kind of Weapon,2005-01-01,307,154
134,0.64,0.446,4,-6.546,1,0.0326,0.731,0.0,0.0996,0.661,154.112,audio_features,4BK2hCEYwRPEyaydTMnGxQ,spotify:track:4BK2hCEYwRPEyaydTMnGxQ,https://api.spotify.com/v1/tracks/4BK2hCEYwRPEyaydTMnGxQ,https://api.spotify.com/v1/audio-analysis/4BK2hCEYwRPEyaydTMnGxQ,131067,4,"It's Not a Side Effect of the Cocaine, I Am Thinking It Must Be Love",2005-01-01,211,166
135,0.591,0.935,1,-4.472,0,0.116,0.00375,3.1e-06,0.114,0.668,107.153,audio_features,2haKIbH4O8dbHbhUKyxGOi,spotify:track:2haKIbH4O8dbHbhUKyxGOi,https://api.spotify.com/v1/tracks/2haKIbH4O8dbHbhUKyxGOi,https://api.spotify.com/v1/audio-analysis/2haKIbH4O8dbHbhUKyxGOi,122741,3,Start Today,2005,196,96
136,0.763,0.664,11,-6.947,0,0.0701,0.0843,0.0,0.434,0.514,116.011,audio_features,3Pw5WgT0ocvsCgSzxO5ZBI,spotify:track:3Pw5WgT0ocvsCgSzxO5ZBI,https://api.spotify.com/v1/tracks/3Pw5WgT0ocvsCgSzxO5ZBI,https://api.spotify.com/v1/audio-analysis/3Pw5WgT0ocvsCgSzxO5ZBI,256600,4,One and Only,2007-01-01,526,184
137,0.587,0.673,11,-7.756,0,0.0329,0.0654,0.00154,0.0986,0.329,152.138,audio_features,07goh57AE19v987J8tUHIt,spotify:track:07goh57AE19v987J8tUHIt,https://api.spotify.com/v1/tracks/07goh57AE19v987J8tUHIt,https://api.spotify.com/v1/audio-analysis/07goh57AE19v987J8tUHIt,202347,4,Love Will Tear Us Apart,2005-01-01,197,85
138,0.51,0.927,2,-4.61,1,0.131,0.00181,2.34e-06,0.0618,0.505,91.53,audio_features,2tH0uf4t1qebnE0Mt5lIsf,spotify:track:2tH0uf4t1qebnE0Mt5lIsf,https://api.spotify.com/v1/tracks/2tH0uf4t1qebnE0Mt5lIsf,https://api.spotify.com/v1/audio-analysis/2tH0uf4t1qebnE0Mt5lIsf,193000,4,Roxanne,2005-02-18,216,69
139,0.534,0.938,5,-3.073,0,0.0571,0.00162,0.000168,0.304,0.507,155.977,audio_features,1petM97cdWCUiQ8GJn0K1L,spotify:track:1petM97cdWCUiQ8GJn0K1L,https://api.spotify.com/v1/tracks/1petM97cdWCUiQ8GJn0K1L,https://api.spotify.com/v1/audio-analysis/1petM97cdWCUiQ8GJn0K1L,185773,4,Ghostbusters (I’m Not Afraid),2016-06-24,306,118
140,0.51,0.938,8,-3.711,1,0.133,0.015,0.0,0.168,0.621,150.03,audio_features,5ADxB7q9elLz77VKMeYWFt,spotify:track:5ADxB7q9elLz77VKMeYWFt,https://api.spotify.com/v1/tracks/5ADxB7q9elLz77VKMeYWFt,https://api.spotify.com/v1/audio-analysis/5ADxB7q9elLz77VKMeYWFt,265867,4,Stayin out All Night - Boys of Zummer Remix,2015-08-03,685,227
